{"epoch": 19, "train_loss_epoch": 0.5878913998603821, "train_auc_epoch": 0.755995084359932, "train_acc_epoch": 0.6934726962457338, "valid_auc_epoch": 0.7431071914910922, "valid_acc_epoch": 0.6850746268656717, "_timestamp": 1683660269.2115874, "_runtime": 37.996376514434814, "_step": 19, "_wandb": {"runtime": 37}}