{"epoch": 19, "train_loss_epoch": 0.5916464328765869, "train_auc_epoch": 0.7508755983871012, "train_acc_epoch": 0.6919795221843004, "valid_auc_epoch": 0.7410958075339621, "valid_acc_epoch": 0.6845771144278607, "_timestamp": 1683662405.3450375, "_runtime": 39.192421436309814, "_step": 19, "_wandb": {"runtime": 38}}